# synthetic/demo gm/Id LUT; values are illustrative and contain no PDK data.
# Units: L/W in m, voltages in V, ids in A, gm/gds in S, cgg in F.
L,VSB,VDS,VGS,W,polarity,temp,ids,gm,gds,cgg
1.8e-7,0,0.6,0.2,1e-5,n,27,1.0e-6,2.8e-5,7.0e-7,1.00e-14
1.8e-7,0,0.6,0.4,1e-5,n,27,2.0e-6,4.0e-5,1.0e-6,1.02e-14
1.8e-7,0,0.6,0.6,1e-5,n,27,3.0e-6,4.2e-5,1.05e-6,1.04e-14
1.8e-7,0,0.6,0.8,1e-5,n,27,4.0e-6,4.0e-5,1.0e-6,1.06e-14
1.8e-7,0,1.0,0.2,1e-5,n,27,1.1e-6,3.08e-5,7.70e-7,1.01e-14
1.8e-7,0,1.0,0.4,1e-5,n,27,2.2e-6,4.40e-5,1.10e-6,1.03e-14
1.8e-7,0,1.0,0.6,1e-5,n,27,3.3e-6,4.62e-5,1.155e-6,1.05e-14
1.8e-7,0,1.0,0.8,1e-5,n,27,4.4e-6,4.40e-5,1.10e-6,1.07e-14
3.6e-7,0,0.6,0.2,1e-5,n,27,0.9e-6,2.16e-5,5.40e-7,1.10e-14
3.6e-7,0,0.6,0.4,1e-5,n,27,1.8e-6,3.24e-5,8.10e-7,1.12e-14
3.6e-7,0,0.6,0.6,1e-5,n,27,2.7e-6,3.51e-5,8.775e-7,1.14e-14
3.6e-7,0,0.6,0.8,1e-5,n,27,3.6e-6,3.24e-5,8.10e-7,1.16e-14
3.6e-7,0,1.0,0.2,1e-5,n,27,0.99e-6,2.376e-5,5.94e-7,1.11e-14
3.6e-7,0,1.0,0.4,1e-5,n,27,1.98e-6,3.564e-5,8.91e-7,1.13e-14
3.6e-7,0,1.0,0.6,1e-5,n,27,2.97e-6,3.861e-5,9.6525e-7,1.15e-14
3.6e-7,0,1.0,0.8,1e-5,n,27,3.96e-6,3.564e-5,8.91e-7,1.17e-14
